"age_band","gender_concept_id","gender_label","distinctValues","totalFrequency","meanFrequencyPerValue","medianFrequencyPerValue","maxFrequency","singleCountValues","top1Mass","top5Mass","top10Mass","entropy","effectiveValueCount","weightedMean","weightedSd","weightedMedian","weightedIqr","valueRange","weightedMad","propMassAtMode","propValuesWithFrequency1","propMassInRepeatedValues","propEndingIn0","propEndingIn5","propEndingIn0or5","distinctToTotalRatio","supportsK_5","supportsK_10","supportsK_20","featureCount","hasZeroVarianceFeature","maxAbsCorrelation","stratumAnalyzable","skipReason"
"18-39",8507,"Male",118,1192,10.1016949152542,10,21,1,0.0176174496644295,0.0864093959731544,0.167785234899329,4.6285538157453,102.365917034896,108.44966442953,6.15562845145473,108,5,163,2,0.0176174496644295,0.00847457627118644,0.999161073825503,0.110738255033557,0.0763422818791946,0.187080536912752,0.098993288590604,TRUE,TRUE,TRUE,3,TRUE,0.00193673914671203,TRUE,NA
"18-39",8532,"Female",119,1194,10.0336134453782,10,21,1,0.0175879396984925,0.0862646566164154,0.16750418760469,4.633181161321,102.840697146836,105.416247906198,4.69827695621522,105,5,50,2,0.0175879396984925,0.00840336134453781,0.999162479061977,0.0745393634840871,0.151591289782245,0.226130653266332,0.0996649916247906,TRUE,TRUE,TRUE,3,TRUE,0.0388714169103151,TRUE,NA
"40-64",8507,"Male",117,1191,10.1794871794872,10,21,0,0.017632241813602,0.0864819479429051,0.167926112510495,4.62565338379615,102.069441819559,111.32241813602,4.31545670963523,111,5,23,2,0.017632241813602,0,1,0.134340890008396,0.0596137699412259,0.193954659949622,0.0982367758186398,TRUE,TRUE,TRUE,3,TRUE,0.138232703275227,TRUE,NA
"40-64",8532,"Female",117,1191,10.1794871794872,10,21,0,0.017632241813602,0.0864819479429051,0.167926112510495,4.62565338379615,102.069441819559,108.32241813602,4.31545670963523,108,5,23,2,0.017632241813602,0,1,0.109991603694374,0.0764063811922754,0.18639798488665,0.0982367758186398,TRUE,TRUE,TRUE,3,TRUE,0.138232703275227,TRUE,NA
"65-79",8507,"Male",117,1191,10.1794871794872,10,21,0,0.017632241813602,0.0864819479429051,0.167926112510495,4.62565338379615,102.069441819559,113.655751469353,4.26365127189024,114,4,22,2,0.017632241813602,0,1,0.0587741393786734,0.140218303946264,0.198992443324937,0.0982367758186398,TRUE,TRUE,TRUE,3,TRUE,0.0673602114440356,TRUE,NA
"65-79",8532,"Female",117,1191,10.1794871794872,10,21,0,0.017632241813602,0.0864819479429051,0.167926112510495,4.62565338379615,102.069441819559,110.655751469353,4.26365127189024,111,4,22,2,0.017632241813602,0,1,0.162048698572628,0.0587741393786734,0.220822837951301,0.0982367758186398,TRUE,TRUE,TRUE,3,TRUE,0.0673602114440356,TRUE,NA
"80+",8507,"Male",78,794,10.1794871794872,10,21,0,0.026448362720403,0.128463476070529,0.239294710327456,4.22018827568798,68.0462945463723,115.32241813602,4.23751105556895,115,4,21,2,0.026448362720403,0,1,0.0428211586901763,0.178841309823678,0.221662468513854,0.0982367758186398,TRUE,TRUE,TRUE,3,TRUE,0,TRUE,NA
"80+",8532,"Female",79,795,10.0632911392405,10,21,1,0.0264150943396226,0.128301886792453,0.238993710691824,4.22453736329085,68.3428783093092,112.225157232704,5.04429397486285,112,4,88,2,0.0264150943396226,0.0126582278481013,0.99874213836478,0.0955974842767296,0.0465408805031447,0.142138364779874,0.0993710691823899,TRUE,TRUE,TRUE,3,TRUE,0.0927815939574572,TRUE,NA
"80+",8551,"Unknown",4,6,1.5,1.5,2,2,0.333333333333333,1,1,1.32966134885476,3.77976314968462,102.333333333333,12.3917535302941,97,2,34,1,0.333333333333333,0.5,0.666666666666667,0.166666666666667,0,0.166666666666667,0.666666666666667,FALSE,FALSE,FALSE,3,TRUE,-Inf,FALSE,"insufficient_distinct_values"
